,0
0,-0.0004606483248233059
1,-3.503709637957958e-13
2,-1.2572646916619856e-13
3,-3.222029576737534e-13
4,-1.414977076480417e-13
5,-1.2825352758982778e-13
6,-2.566246369052616e-13
7,5.495821896531194e-13
8,1.000000000422051
9,1.3350345134943709e-13
10,-5.962244586932286e-14
11,6.884293482500858e-14
12,-2.8602944665556684e-13
13,-4.522327607878185e-13
14,8.094856002952705e-12
15,-8.061018215779758e-13
16,2.9318062734484673e-13
17,-1.5951046364835741e-12
18,-3.5078021216883304e-12
19,-4.079868387574237e-12
20,-1.5514655532511412e-12
21,2.5165686591901992e-12
22,-8.799892238509077e-13
23,-3.721862011293875e-12
24,-2.982417481381394e-12
25,-3.583751351232678e-12
26,4.525416499867596e-12
27,7.389575062966003e-13
28,3.1496610874981457e-12
29,-3.45929881961915e-12
30,2.5295286698590047e-12
31,2.4993895841873837e-13
32,-2.7652359568808293e-14
33,5.158084991573574e-13
34,7.537822227293364e-13
35,1.2705353262532082e-13
36,-4.832351966493897e-13
37,-8.971492982106505e-13
38,1.2480664356270994e-12
39,5.429197266456146e-13
40,4.296007451685957e-13
41,1.3591203358066795e-13
42,2.2571787341508272e-13
43,5.481590929865693e-13
44,-4.9128886722704657e-14
45,9.24664126733879e-13
46,-1.0340066747705629e-12
47,9.06910587209972e-14
48,1.1235418935075605e-13
49,1.0582102041693537e-14
50,1.7082390596457817e-13
51,-4.871189316510102e-13
52,-1.0895150883913352e-12
53,1.1102230246251565e-16
54,-6.036837696399289e-16
55,3.122502256758253e-17
56,9.71445146547012e-17
57,8.326672684688674e-16
58,1.1102230246251565e-16
59,5.100087019371813e-16
60,-1.1213252548714081e-14
61,-4.172009959724221e-16
62,2.636779683484747e-16
63,3.2612801348363973e-16
64,-5.412337245047638e-16
65,3.904862544423793e-15
66,-2.6411164921746888e-15
67,6.245004513516506e-17
68,3.0279598273175168e-15
69,1.998835125194276e-15
70,7.86697096355482e-16
71,-6.852157730108388e-17
72,4.4578056523914e-15
73,-2.198762005800603e-16
74,2.5717275531356165e-16
75,-3.864963904476326e-15
76,2.5647886592317093e-15
77,5.212844045310305e-16
78,9.75781955236954e-16
79,9.00755164900957e-16
80,-1.0009354456386177e-15
81,1.4966868890076146e-15
82,-1.8995222061946038e-15
83,4.377574691627473e-15
84,2.0122792321330962e-15
85,9.107298248878237e-17
86,6.223320470066795e-16
87,2.2609410003926467e-15
88,9.679756995950584e-16
89,1.5872719805187785e-15
90,1.1084883011491797e-15
91,1.6870185803874449e-15
92,-6.843484112728504e-16
93,3.6180368596927526e-15
94,1.9999193273667615e-15
95,-8.925152283900673e-16
96,1.925543058334256e-15
97,-1.5178830414797062e-16
98,2.5157827210353645e-15
99,-5.412337245047638e-16
100,6.188626000547259e-16
101,2.688821387764051e-17
102,2.0296264668928643e-16
103,2.3310346708438345e-16
104,2.0209528495129803e-15
105,1.0824674490095276e-15
106,2.498001805406602e-16
107,-1.942890293094024e-16
108,-1.942890293094024e-16
109,6.661338147750939e-16
110,3.559652572704408e-15
111,-1.060295514582199e-14
112,5.551115123125783e-17
113,-4.718447854656915e-16
114,8.326672684688674e-17
115,-3.885780586188048e-16
116,3.2612801348363973e-16
117,1.1362438767648086e-16
118,2.220446049250313e-15
119,1.970645868709653e-15
120,-1.994931997373328e-15
121,1.3704315460216776e-15
122,8.751679936302992e-16
123,-2.5934115965853266e-16
124,-1.5400007657984105e-15
125,-4.44956571588051e-16
126,2.0296264668928643e-15
127,-3.800779135865184e-15
128,-1.6601303665098044e-15
129,-3.7643499428696714e-16
130,-5.259681579161679e-15
131,1.5144135945277526e-15
132,-3.771288836773579e-15
133,1.9203388879063255e-15
134,-2.1978946440626146e-15
135,2.607289384393141e-15
136,-2.0469737016526324e-16
137,-3.49893725104522e-15
138,-4.28129753871076e-15
139,4.874572967494828e-15
140,3.7539416020138106e-15
141,1.321859288694327e-15
142,-5.502542865798432e-15
143,1.2906342661267445e-15
144,-5.443562267615221e-15
145,-1.7338561142388187e-15
146,1.9810542095655137e-15
147,-1.981487890434508e-15
148,4.8433479449272454e-15
149,-3.021888295151598e-15
150,2.7408630920433552e-15
151,-1.4714791884973266e-15
152,-2.7755575615628914e-17
153,1.0685896612017132e-15
154,-6.722053469410127e-16
155,-5.332539965152705e-15
156,-3.3306690738754696e-16
157,-2.220446049250313e-16
158,1.0408340855860843e-15
159,-1.3877787807814457e-16
160,-9.367506770274758e-17
161,1.0679825079851213e-14
162,3.191891195797325e-16
163,-1.3877787807814457e-17
164,-1.3877787807814457e-16
165,1.734723475976807e-16
166,-3.703634621210483e-16
167,3.690624195140657e-16
168,-1.2836953722228372e-15
169,9.540979117872439e-18
170,2.7781596467768566e-15
171,-2.4624399741490777e-15
172,-1.494030593685025e-16
173,-1.4094628242311558e-17
174,1.3590474232105798e-15
175,6.646159317336142e-16
176,-1.3053794156725473e-15
177,2.3546702782040185e-15
178,1.0996520534434229e-15
179,1.0989473220313073e-15
180,1.4181364416110398e-15
181,8.760353553682876e-17
182,2.194858877979655e-15
183,1.2750217548429532e-16
184,1.2420620087993939e-15
185,-1.214306433183765e-17
186,5.772292366312826e-16
187,2.147587663259287e-15
188,1.9796447467412825e-15
189,-2.5413698923060224e-15
190,-1.1674688993323912e-15
191,-1.3279308208602458e-15
192,2.4841240175987878e-15
193,-5.585809592645319e-16
194,2.704000218178848e-15
195,-6.342582709040201e-16
196,-4.822531263215524e-16
197,1.3725999503666486e-15
198,-3.7383290907300193e-16
199,2.288967626551397e-15
200,-1.083334810747516e-15
201,1.5612511283791264e-17
202,1.9255430583342559e-16
203,-4.180683577104105e-16
204,5.84601811404184e-16
205,1.833602714107485e-15
206,-3.191891195797325e-16
207,1.457167719820518e-16
208,3.608224830031759e-16
209,1.5890067039947553e-15
210,4.637783213023994e-15
211,2.7755575615628914e-16
212,4.996003610813204e-16
213,7.632783294297951e-17
214,3.3306690738754696e-16
215,-6.446666117598809e-16
216,5.051840022696208e-16
217,-1.4731054917560549e-15
218,1.6566609195578508e-16
219,1.4719128693663208e-15
220,-5.130444680201407e-16
221,-2.697495005143935e-16
222,2.05239471251506e-16
223,1.730386667286865e-16
224,5.926249074805767e-16
225,-5.657366936029362e-16
226,1.2607102861661446e-15
227,1.016764797356906e-15
228,3.015166241682188e-16
229,1.259409243559162e-15
230,-4.0354004859910475e-16
231,1.0959115559483479e-15
232,4.798678815420843e-16
233,7.563394355258879e-16
234,7.7487929267539e-16
235,1.448494102440634e-16
236,8.903468240450962e-16
237,1.1420985684962304e-15
238,-7.942865115628805e-16
239,-6.444497713253838e-16
240,-5.473052566706826e-16
241,1.3773704399255848e-15
242,-4.766152750246277e-16
243,1.3834419720915037e-15
244,-5.429684479807406e-16
245,-2.020736009078483e-15
246,1.2199442844806896e-15
247,-2.246466901389965e-16
248,1.844011054963346e-15
249,-9.254749744336266e-16
250,-2.1011838102769076e-16
251,-5.230191280070073e-16
252,-1.1639994523804376e-15
253,-6.097553018058477e-16
254,1.971079549578647e-15
255,-3.3306690738754696e-16
256,1.1102230246251565e-16
257,3.497202527569243e-15
258,-4.575550008323326e-15
259,3.694961003830599e-16
260,-5.48172618408671e-16
261,1.3183898417423734e-16
262,-1.3877787807814457e-17
263,-5.967448757360216e-16
264,-5.102255423716784e-16
265,9.35015953551499e-16
266,2.909998630951094e-16
267,-8.760353553682876e-16
268,-3.0791341698588326e-16
269,-7.806255641895632e-18
270,-9.488937413593135e-16
271,-5.91107024439097e-16
272,-7.617604463883154e-16
273,4.423544863740858e-16
274,-2.26554885962571e-15
275,-8.291978215169138e-16
276,6.788189801931743e-16
277,-1.8405416080113923e-15
278,5.616167253474913e-16
279,-2.4130003550837387e-15
280,3.963843142607004e-16
281,-9.30679144861557e-16
282,9.224392083506672e-16
283,-1.5009694875889323e-15
284,-2.0660556598883772e-15
285,-1.6410484082740595e-15
286,1.1848161340921592e-15
287,1.1856834958301476e-15
288,2.1076890233118206e-16
289,-2.7946395197986362e-15
290,5.724587470723463e-17
291,-2.5292268279741847e-15
292,-1.923591494423782e-15
293,6.626643678231403e-16
294,-1.6380126421911001e-15
295,1.790234627208065e-15
296,-1.8405416080113923e-15
297,1.97758476261356e-16
298,-1.1420985684962304e-15
299,-2.445960101127298e-16
300,5.663872149064275e-16
301,-3.235259282696745e-16
302,-2.7113727929517495e-15
303,6.106226635438361e-16
304,1.457167719820518e-16
305,-4.40619762898109e-15
306,6.938893903907228e-16
307,8.326672684688674e-17
308,8.326672684688674e-16
309,4.996003610813204e-16
310,-5.334274688628682e-16
311,-7.28583859910259e-16
312,4.518954654919582e-16
313,7.068998164605489e-17
314,-3.8163916471489756e-17
315,-1.973247953923618e-17
316,4.874572967494828e-16
317,-7.606762442158299e-16
318,-1.0182826803983858e-15
319,-5.880712583561376e-16
320,-8.83407930141189e-16
321,-2.518818487118324e-15
322,-4.935288289154016e-16
323,-9.974659986866641e-17
324,-1.7034984534092246e-15
325,1.5135462327897642e-16
326,-2.518818487118324e-15
327,8.31799906730879e-16
328,-1.6557935578198624e-15
329,7.11453465584988e-16
330,-4.9439619065339e-16
331,-2.093811235504006e-15
332,-1.5144135945277526e-15
333,1.1032841307212493e-15
334,1.5846698953048133e-15
335,-3.3436794999452957e-16
336,-2.525757381022231e-15
337,4.0202216555762504e-16
338,-2.4858587410747646e-15
339,-1.3140530330524314e-15
340,-7.624109676918067e-16
341,-1.3357370765021415e-15
342,1.7650811368064012e-15
343,-1.19522447494802e-15
344,6.366435156834882e-16
345,-1.087671619437458e-15
346,-6.062858548538941e-16
347,1.192622389734055e-16
348,-1.2247147740396258e-15
349,-2.5777990853015353e-15
350,1.0000000000000078
351,-1.0232998259515624e-14
352,1.7937040741600185e-15
353,2.2794266474335245e-15
354,-1.0651202142497596e-15
355,-1.4988010832439613e-15
356,-3.890334235312487e-15
357,-3.777794049808492e-15
358,-1.4007892068512717e-15
359,-2.3002433291452462e-15
360,2.9325500361387924e-15
361,-6.3803129446426965e-15
362,2.8657631823136853e-15
363,2.3373230434442505e-15
364,2.9178048865929895e-15
365,-1.4732139119733034e-15
366,-5.5593550596366725e-15
367,3.0639553394440355e-15
368,-1.6784533832248094e-15
369,3.156979885843292e-15
370,3.7966591676097394e-15
371,-1.97758476261356e-16
372,3.1951438023147816e-16
373,1.4307131868118717e-15
374,-2.8165404036828434e-15
375,-4.425930108520326e-15
376,3.77345724111855e-15
377,2.0046898169256977e-15
378,3.82127055692516e-15
379,-4.487729632352e-15
380,-5.099653338502819e-15
381,-7.012619651636243e-15
382,-2.7564756033271465e-15
383,-2.2833297752544723e-15
384,3.4575207280562736e-16
385,6.086710996333622e-16
386,-1.9975340825872934e-15
387,-1.2713354674565025e-15
388,-3.197962727963244e-15
389,2.983507538245611e-15
390,-5.39499001028787e-16
391,6.260183343931303e-16
392,2.697495005143935e-16
393,-4.863297264900979e-15
394,1.450662506785605e-16
395,3.844580903633599e-15
396,7.39983940822083e-13
397,-1.115427195053087e-15
398,-3.445594504158933e-15
399,2.1866189414687653e-15
400,7.45410677627234e-15
401,-4.869043536415152e-14
402,2.7558450042385746e-13
403,-6.431279933518524e-14
404,1.712379559979868e-13
405,3.0111546936439915e-14
406,1.908958017701745e-13
407,-1.830152579506729e-13
408,9.528131322128486e-15
409,-4.562350931075487e-13
410,-1.0008815065805365e-13
411,3.138911995452e-13
412,-1.0372713972472969e-13
413,1.4036290033915544e-13
414,3.312181800531333e-13
415,-1.387281674085361e-13
416,7.71838783207926e-14
417,-4.195603283199678e-13
418,4.44335947159466e-13
419,-1.4988051490021082e-13
420,-9.429618002231022e-15
421,-2.1259293696111736e-13
422,1.098406305147237e-13
423,-1.8963595884574636e-13
424,-9.276513747696197e-14
425,-1.3199161951133256e-13
426,-3.8258270520803023e-13
427,3.085883870483641e-13
428,2.1351613511098877e-14
429,3.100683230138068e-13
430,-5.358393037006165e-13
431,1.2320771844171602e-13
432,3.0769635971095166e-13
433,-3.369291811153828e-13
434,-2.2243261377750956e-13
435,7.01531999267209e-14
436,3.774514338236723e-16
437,1.4596456638857336e-13
438,1.1655278301601337e-13
439,1.5600239470451444e-13
440,3.861765508067494e-15
441,-4.996003610813204e-16
442,1.5265566588595902e-16
443,-3.608224830031759e-16
444,-2.3592239273284576e-16
445,1.0894063429134349e-15
446,-6.47051856539349e-16
447,8.933825901280557e-16
448,2.0036056147532122e-16
449,-3.7903707950093235e-16
450,6.418476861114186e-17
451,7.806255641895632e-18
452,-2.3635607360183997e-16
453,-5.879628381388891e-16
454,-5.93275428784068e-16
455,1.9255430583342559e-16
456,-1.9585028043778152e-15
457,-4.961309141293668e-16
458,1.1535911115245767e-16
459,-1.3574211199518516e-15
460,6.288372600415926e-16
461,-1.3895135042574225e-15
462,4.701100619897147e-16
463,-5.087076593301987e-16
464,1.7312540290248535e-15
465,1.687018580387445e-16
466,-1.1258355359089478e-15
467,-2.22066288968481e-15
468,1.870031907102998e-15
469,1.1986939218999737e-15
470,4.2500725161431774e-16
471,-2.643718577388654e-15
472,1.1830814106161824e-15
473,-2.2898349882893854e-15
474,-6.767589960654519e-16
475,-3.469446951953614e-17
476,-1.556263798385693e-15
477,1.700029006457271e-15
478,-1.8023776915399026e-15
479,4.458239333260394e-16
480,-1.2030307305899157e-15
481,1.0321604682062002e-16
482,9.71445146547012e-17
483,-6.617970060851519e-16
484,-2.0660556598883772e-15
485,-2.220446049250313e-16
486,3.7470027081099033e-16
487,1.5265566588595902e-16
488,-1.5785983631388945e-16
489,1.5785983631388945e-16
490,8.257283745649602e-16
491,3.4867941867133823e-16
492,-9.749145934989656e-16
493,3.712308238590367e-16
494,-5.837344496661956e-16
495,-6.231994087446679e-16
496,-1.1893697832165984e-15
497,-2.5847379792054426e-16
498,9.783840404509192e-16
499,-2.4667767828390197e-15
500,-1.3266297782532632e-15
501,-2.888314587501384e-16
502,-2.850150671029894e-15
503,-3.86843335142828e-16
504,-2.903927098785175e-15
505,6.626643678231403e-16
506,-1.6406147274050653e-15
507,1.3652273755937472e-15
508,-1.3040783730655647e-15
509,-2.9559688030644793e-15
510,-1.844011054963346e-15
511,2.1163626406917047e-15
512,6.83481049534862e-16
513,6.938893903907228e-18
514,-3.0982161280945775e-15
515,9.072603779358701e-16
516,-3.0236230186275748e-15
517,-2.323228415201939e-15
518,5.724587470723463e-16
519,-1.4254005961666927e-15
520,2.3800406090401793e-15
521,-1.8769708010069053e-15
522,1.3114509478384662e-15
523,-1.6861512186494565e-15
524,-1.205632815803881e-16
525,2.7929047963226594e-16
526,-1.5681900222830336e-15
527,-3.1138286393783687e-15
528,-4.163336342344337e-16
529,-3.3306690738754696e-16
530,-1.0430024899310553e-16
531,3.608224830031759e-16
532,-1.0538445116559103e-15
533,4.189357194483989e-16
534,2.166235940626038e-15
535,-7.628446485608009e-16
536,1.6479873021779667e-16
537,-2.627021863932377e-16
538,8.743006318923108e-16
539,2.389581588158052e-16
540,-1.6150275561344074e-15
541,1.6445178552260131e-15
542,-2.654126918244515e-16
543,2.7885679876327174e-16
544,1.115427195053087e-15
545,-1.986258379993444e-16
546,1.5384828827569308e-15
547,3.677613769070831e-16
548,3.9714325578144027e-16
549,-3.3480163086352377e-16
550,3.421742056364252e-16
551,7.060324547225605e-16
552,1.2581082009521793e-15
553,-5.854691731421724e-16
554,-1.0174153186603974e-15
555,-9.367506770274758e-16
556,9.063930161978817e-16
557,-1.2195106036116954e-15
558,1.5269903397285844e-15
559,-4.0462425077159025e-16
560,-1.6761765586625899e-15
561,6.828305282313707e-16
562,-2.8796409701215e-16
563,1.4346163146328195e-15
564,-1.4883927423881005e-15
565,-3.469446951953614e-17
566,-1.5937771935536915e-16
567,-1.0224026486538307e-15
568,2.1553939189011828e-16
569,1.2442304131443649e-15
570,-6.938893903907228e-17
571,3.3393426912553537e-16
572,-1.4886095828225976e-16
573,-2.1632001745430784e-15
574,1.6393136847980827e-16
575,2.5799674896465064e-15
576,-9.168013570537425e-16
577,1.9125326322644298e-16
578,3.6656875451734905e-16
579,1.1925139695168063e-15
580,1.5677563414140394e-16
581,-1.5664552988070568e-15
582,1.910797908788453e-15
583,1.0156805951844206e-15
584,5.082739784612045e-16
585,3.204467940998157e-15
586,2.636779683484747e-16
587,2.027024381678899e-15
588,6.509549843602969e-16
589,6.755663736757178e-16
590,7.246807320893112e-16
591,4.833373284940379e-16
592,1.6380126421911001e-15
593,2.194858877979655e-15
594,-1.1136924715771102e-15
595,-9.506284648352903e-16
596,-1.7694179454963432e-15
597,1.8518173106052416e-15
598,-2.957703526540456e-16
599,1.5291587440735555e-15
600,-1.251169307048272e-16
601,-1.0603497246908233e-15
602,2.3097843082631186e-15
603,-7.962380754733545e-16
604,2.6914234729780162e-15
605,-6.323067069935462e-16
606,-4.117799851099946e-16
607,1.734723475976807e-17
608,-5.143455106271233e-16
609,9.003214840319629e-16
610,3.0401028916493544e-15
611,-9.566999970012091e-16
612,-1.914375775957655e-15
613,-3.861928138393367e-15
614,-2.953583558285011e-15
615,1.3079815008865125e-15
616,-2.3238789365054302e-15
617,-2.0602009681569555e-15
618,-3.0040599456777894e-15
619,-3.08455518072126e-16
620,-6.284577892812226e-16
621,-6.708609362471307e-15
622,3.430415673744136e-16
623,2.5055370105053765e-15
624,4.837710093630321e-16
625,2.5439719775199876e-15
626,1.9329156331071573e-15
627,2.979387569990166e-16
628,1.2392430831509316e-15
629,4.166751579187666e-15
630,-1.43982048506075e-16
631,-7.20913129539924e-16
632,-7.175249977509068e-16
633,1.79435459546351e-15
634,-4.2544093248331194e-15
635,-1.1017662476797696e-15
636,1.4782012419667367e-15
637,3.5371011675167097e-15
638,-1.0421351281930669e-15
639,-1.5890067039947553e-15
640,3.837533589512443e-15
641,1.0031038499835887e-15
642,-1.0837684916165102e-15
643,-5.41667405373758e-16
644,4.937673533933484e-15
645,-1.2533377113932431e-15
646,1.8291845902546067e-15
647,-1.858593574183276e-15
648,1.8596235662471372e-15
649,-7.04948252550075e-16
650,-4.51461784622964e-16
651,-1.8878128227317603e-15
652,-1.0885389811754465e-16
653,-8.346459374336535e-16
654,2.4726314745704414e-15
655,-2.6667036634453467e-15
656,-8.653153063878372e-16
657,1.5739989742353036e-15
658,1.6981858627640456e-15
659,-3.051199023258386e-16
660,2.188353664944742e-15
661,3.443209259379465e-15
662,-1.1108193358200236e-15
663,-2.27227091309512e-15
664,3.254124400497993e-15
665,-5.377480145202229e-15
666,4.627374872168133e-15
667,-2.0604178085914526e-15
668,-1.2339304925057526e-15
669,-1.2470493387928272e-15
670,-1.372484753885822e-15
671,1.0048385734595655e-15
672,3.4985035701762257e-15
673,-3.931100236997942e-15
674,-2.3690901670980757e-15
675,-1.850949948867253e-15
676,1.6354105569771349e-15
677,8.808058449272238e-16
678,-1.100465205072787e-15
679,2.6684519394484796e-15
680,-1.574369974666201e-15
681,-2.2475511035624507e-16
682,-1.1466522176206695e-15
683,2.526299482108474e-15
684,-2.9407899726496822e-15
685,2.0828065834532783e-15
686,2.097121440261876e-15
687,-3.935653886122381e-16
688,9.677283659744601e-16
689,6.366435156834882e-16
690,-4.653395724307785e-15
691,3.2526065174565133e-18
692,3.047475466422256e-15
693,-3.4677122284776374e-15
694,-3.176495524948031e-15
695,2.286582381771929e-16
696,-1.6165860967573553e-15
697,-8.377630186795493e-16
698,-1.790234627208065e-15
699,7.494872777957795e-15
700,-1.1874995344690609e-15
701,-2.8015784137025435e-15
702,3.378373969464832e-15
703,-8.528767969639972e-15
704,4.070094955510584e-15
705,1.025221574302293e-15
706,-2.8414228435413857e-15
707,-1.3912482277333993e-15
708,-4.513533644057155e-16
709,2.2664162213636985e-15
710,-1.3814904081810297e-15
711,-1.3850899593936816e-14
712,-2.1154952789537163e-15
713,3.616898447411643e-16
714,-9.983333604246525e-16
715,-1.790234627208065e-15
716,2.4515979524242226e-15
717,-1.287598500043785e-15
718,-8.513155458356181e-15
719,3.4695553721708627e-15
720,-4.1407849371566385e-15
721,4.207571790981746e-15
722,-2.6081567461311295e-15
723,-1.8286153841140518e-15
724,1.0321604682062002e-16
725,-4.679416576447437e-16
726,9.224392083506672e-16
727,3.0036736986538415e-15
728,6.733979693307468e-16
729,8.751679936302992e-16
730,-3.7773603689394974e-15
731,-2.9510356831796702e-15
732,1.7280793495385444e-15
733,3.1773628866860193e-15
734,-2.321073563384124e-16
735,-1.736675039887281e-15
736,-1.474514954580286e-16
737,-2.0651340880417646e-16
738,-8.283304597789254e-16
739,2.359874448631949e-15
740,-3.972083079117894e-15
741,8.151031932746022e-16
742,7.268491364342822e-16
743,-2.229499137390567e-15
744,2.05987570750521e-15
745,-9.255833946508751e-16
746,6.934557095217286e-15
747,-2.8418023143017557e-15
748,-7.19910242530375e-17
749,-2.6168303635110135e-15
750,-1.7531549129090607e-15
751,6.982261990806649e-17
752,-3.614730043066672e-16
753,1.2750217548429532e-15
754,-2.0166973559859747e-15
755,5.225854471380131e-16
756,4.466912950640278e-16
757,-4.24465150528075e-15
758,1.8520341510397387e-15
759,-5.132613084546378e-16
760,-6.335399869647484e-16
761,-2.6047957193964244e-16
762,-1.1848161340921592e-15
763,9.485481519168337e-16
764,2.2729214343986115e-15
765,-6.066111155056397e-16
766,2.216109240560371e-15
767,2.6183482465524932e-15
768,1.7982577232844577e-15
769,-6.404924333958117e-16
770,-3.2116236753365612e-15
771,4.003958622988968e-15
772,9.12356128146552e-16
773,6.961933200072545e-16
774,5.4894240195113575e-15
775,-2.079391346609949e-15
776,-7.752045533271357e-16
777,2.223373395116024e-15
778,5.577786496568926e-15
779,3.352434432488116e-15
780,5.854691731421724e-18
781,2.869232629265639e-15
782,-3.386505485758473e-15
783,1.615732287546523e-15
784,-7.502679033599691e-17
785,-6.071532165918825e-17
786,4.2977774117325396e-16
787,2.609024107869118e-15
788,3.4594722919667475e-15
789,2.6182398263352447e-15
790,2.768022356464117e-15
791,-1.2771901591879242e-15
792,-1.5318692495047692e-15
793,-2.381775332516156e-15
794,3.794273922830271e-15
795,4.160734257130372e-15
796,4.495752728428393e-15
797,-9.469421774488396e-16
798,2.727852665973529e-16
799,-4.098284211995207e-16
800,3.415236843329339e-16
801,1.6002824065886045e-16
802,-2.4253602598500734e-15
803,-1.8447428914297737e-15
804,-4.817110252353096e-16
805,5.879628381388891e-16
806,-2.7135411972967205e-15
807,2.321060010856968e-15
808,7.55959964765518e-17
809,-5.4561390128160525e-15
810,1.6618650899857812e-15
811,-2.7096380694757727e-15
812,-6.002143226879753e-16
813,-2.733924198139448e-15
814,1.1568437180420332e-15
815,1.966742740888705e-16
816,3.500888814955694e-16
817,1.9103642279194588e-16
818,-4.3346402855970467e-16
819,-6.905934157863669e-15
820,-5.568896038754545e-15
821,-3.759579453310735e-15
822,7.754213937616328e-16
823,-4.8155923693116165e-15
824,2.5977484052752686e-15
825,2.467047833382141e-15
826,-4.745336068534556e-15
827,3.885780586188048e-16
828,-6.435824095873954e-15
829,7.463647755390213e-16
830,-4.3944882455182466e-15
831,1.1864424373508875e-15
832,-2.100099608104422e-15
833,-3.4720490371675794e-15
834,-4.232074760079918e-15
835,7.274996577377735e-15
836,-1.2106201457973143e-15
837,1.0060583009036117e-15
838,-1.559191144251404e-15
839,1.3232687515185582e-16
840,-3.895972086609412e-15
841,2.4615726124110893e-15
842,-6.392943899952153e-15
843,-6.5674462396136946e-15
844,2.089257586379567e-15
845,-3.5817702970231124e-15
846,3.0231893377585806e-15
847,3.931859178518682e-16
848,-4.2682329025323096e-16
849,2.767968146355493e-15
850,3.510185848584757e-15
851,-7.80191883320569e-16
852,2.262729933977248e-16
853,-3.785600305450387e-15
854,-4.683753385137379e-16
855,-1.35828848168984e-15
856,2.46525889979754e-15
857,-4.901894862241463e-15
858,1.801510329801914e-15
859,-1.6767051072216765e-15
860,-6.873841773558098e-16
861,3.473133239340065e-15
862,-2.063453574674412e-15
863,6.70687463899533e-16
864,-2.299809648276252e-15
865,-1.1972370252306963e-15
866,8.468161068198032e-16
867,1.2247147740396258e-15
868,-9.652109840552203e-16
869,4.0158848468863084e-15
870,-2.647621705209602e-16
871,6.133873790836741e-16
872,1.1766033026355815e-15
873,-3.355605723842636e-17
874,5.5979526569771565e-15
875,3.727270228570667e-15
876,-2.5429961955647506e-15
877,2.2316133316269138e-15
878,-9.409790655001693e-16
879,-5.553283527470754e-16
880,-2.6496274792287e-15
881,7.029966886396011e-16
882,1.2293226332726892e-15
883,2.6717994136560286e-15
884,-2.305555919790425e-15
885,2.16309175432583e-15
886,-9.678672793778098e-16
887,-6.407092738303088e-16
888,5.2674336246949505e-15
889,2.8364897236565767e-15
890,2.695706071559334e-15
891,9.33823331161765e-16
892,1.7419334204238357e-15
893,-5.129902579115164e-16
894,1.8218933306446417e-15
895,4.444144705018083e-16
896,2.344912458651649e-15
897,6.823968473623765e-16
898,-3.5410042953376575e-15
899,2.9103374441299956e-16
900,-2.0409021694867135e-15
901,1.9745625490577567e-15
902,3.822571599532143e-15
903,4.883680265743706e-15
904,2.1658242826136723e-15
905,1.2784912017949068e-15
906,8.4372613062821955e-16
907,2.1392122014768367e-15
908,4.304787456404016e-15
909,5.242713815162281e-15
910,6.088879400678593e-16
911,1.5125704508345272e-15
912,4.521123059264553e-16
913,2.972692621575068e-15
914,1.6340959618429962e-15
915,1.3164382778318995e-15
916,-2.950222531550306e-15
917,2.430998111146998e-15
918,-1.1309041810653175e-15
919,-4.962935444552397e-16
920,8.021198722590883e-16
921,1.3195282540234832e-15
922,-1.8108209159581334e-15
923,2.6786298873426873e-15
924,4.366055043544814e-15
925,1.3577599331307533e-15
926,-2.6002962803806096e-15
927,2.938784198630584e-15
928,3.013810988966581e-15
929,-8.998064880000323e-16
930,1.7234206683286457e-15
931,-4.520038857092068e-16
932,2.8685821079621476e-15
933,1.5837754285125127e-15
934,2.001383000299617e-15
935,1.2021633688519273e-15
936,3.730197574436378e-16
937,2.7224316551111016e-16
938,3.901772568232209e-17
939,-7.621941272573096e-16
940,2.572811755308102e-15
941,-2.653584817158272e-16
942,5.204712529016664e-15
943,-1.3757441366668566e-15
944,-7.778066385411009e-16
945,1.0115064168203514e-15
946,-3.855693975901575e-16
947,2.718745367724651e-15
948,2.697278164709438e-15
949,-2.4569105430694016e-15
950,-4.369334755116583e-17
951,-2.903493417916181e-15
952,-2.244298497044994e-16
953,-2.8891819492393722e-15
954,3.1556788432363092e-15
955,-2.6258970041784235e-15
956,-7.678319785542342e-16
957,-3.2843736411103386e-15
958,-4.40467974593961e-15
959,3.551575266519391e-15
960,-4.128099771738558e-15
961,9.752398541507112e-16
962,-1.2371153363874288e-15
963,1.912397106992869e-15
964,-1.790668308077059e-15
965,1.6987279638502883e-15
966,-8.805890044927267e-16
967,6.964481075177886e-15
968,-2.8429949366914897e-15
969,-5.532900526628026e-15
970,1.3478801408339791e-15
971,-1.6815975695250174e-15
972,1.4584687624275006e-15
973,-3.877540649677158e-15
974,-1.6331879425235396e-15
975,-3.3692666712159536e-15
976,1.942673452659527e-15
977,2.6339607578362845e-15
978,-1.3316171082466965e-15
979,-7.99707522425308e-15
980,-1.631507429156187e-15
981,-4.021956379052227e-15
982,1.1622647289044608e-15
983,-2.009243466050137e-15
984,6.158268339717665e-16
985,-1.6946079955948434e-16
986,-3.652026597800173e-15
987,-1.70534159710245e-15
988,-8.04347907723546e-15
989,3.706236706424448e-15
990,-5.996939056451822e-15
991,1.1061030563697116e-15
992,-9.90743945217254e-16
993,-7.032135290740982e-15
994,3.4228262585367375e-16
995,2.824563499759236e-15
996,1.571008947931496e-15
997,5.3202342704949945e-15
998,-5.377642775528102e-17
999,2.7803280511218276e-15
1000,2.5088438271314573e-15
1001,7.897328624384414e-16
1002,-1.311017266969472e-15
1003,1.531422016108619e-15
1004,7.26415455565288e-16
1005,-8.239936510889834e-16
1006,-2.3197589682499853e-15
1007,2.0435042547006788e-15
1008,2.795940562405619e-15
1009,3.396154885093594e-15
1010,4.307752071719406e-15
1011,-4.621086499567717e-15
1012,4.0180532512312794e-15
1013,1.7034984534092246e-15
1014,4.8069187519317325e-15
1015,-1.17354043149831e-15
1016,6.179952383167375e-18
1017,2.1224341728576235e-15
1018,-1.8260132989000866e-15
1019,2.9065291839991403e-15
1020,1.8287238043313003e-15
1021,6.622306869541461e-16
1022,3.142017895862992e-15
1023,-1.4209553672595021e-15
1024,2.9327668765732895e-15
1025,1.6948248360293405e-15
1026,-1.0631144402306614e-15
1027,2.920027501046585e-15
1028,-2.095979639848977e-15
1029,3.47649426607477e-16
1030,-2.1011567052225955e-15
1031,2.0521101094447824e-15
1032,1.0767211774953545e-15
1033,3.606327476229909e-15
1034,3.8212705569251604e-16
1035,-3.8798174742393776e-16
1036,5.536478393797228e-16
1037,-1.5731502472221548e-15
1038,-9.025983085941824e-16
1039,5.653436703154102e-16
1040,-1.3438143826871585e-15
1041,1.5612511283791264e-15
1042,-1.8625915696943163e-16
1043,-4.5969765537570706e-15
1044,-5.412879346133881e-16
1045,1.0604581449080719e-15
1046,6.67136701784643e-15
1047,1.3295842291732862e-15
1048,4.675892919386859e-16
1049,1.7470291706345176e-15
1050,7.688619706180955e-16
1051,-7.197476122045021e-16
1052,7.338151353925015e-16
1053,-2.2669583224499412e-15
1054,2.5628370953212354e-15
1055,-2.4294802281055183e-15
1056,2.747368305078268e-16
1057,-3.3649298625260116e-15
1058,-7.270659768687793e-16
1059,2.4742577778291697e-15
1060,3.2529859882168832e-15
1061,-9.410874857174178e-16
1062,-1.0005017647696235e-15
1063,-9.47809539186828e-16
1064,-4.186971949704521e-15
1065,-1.3382307414988581e-15
1066,9.19837123136702e-16
1067,-8.540260512668318e-16
1068,3.428030428964668e-15
1069,-1.6410213032197474e-15
1070,8.94033111431547e-16
1071,-1.229485263598562e-15
1072,-2.2516710718178956e-15
1073,4.2167875094478724e-15
1074,-2.682099334294641e-15
1075,1.860789083582559e-15
1076,-5.8715510752038735e-15
1077,-3.0897593511491905e-15
1078,8.22150507395758e-16
1079,3.84371354189561e-15
1080,1.600770297566223e-15
1081,5.726755875068434e-16
1082,-2.9631245374028836e-15
1083,-5.017687654262915e-16
1084,6.774501749504114e-16
1085,1.4840559336981585e-15
1086,2.701831813833877e-16
1087,-1.6320495302424298e-15
1088,1.1587952819525071e-15
1089,2.3097843082631186e-15
1090,2.6792804086461786e-15
1091,-1.360456886034811e-15
1092,-1.134725993723329e-15
1093,3.830703115825784e-15
1094,-2.7647155398380363e-16
1095,4.064782364865405e-15
1096,4.381911500317415e-15
1097,-3.639002619203191e-15
1098,4.145989107584569e-15
1099,-2.0840534159516366e-15
1100,3.252606517456513e-17
1101,-2.374836438612249e-15
1102,3.1988300897012323e-15
1103,-5.598820018715145e-16
1104,2.6172640443800077e-15
1105,1.9459260591769834e-15
1106,-3.3176586478056436e-15
1107,1.6332421526321639e-15
1108,-1.979753166958531e-15
1109,-3.4596891324012446e-15
1110,-8.89913143176102e-16
1111,-8.538092108323347e-18
1112,5.169475958410885e-16
1113,8.456776945386935e-18
1114,6.531233887052679e-16
1115,-2.0578157233774874e-15
1116,1.0824674490095276e-15
1117,-1.6622987708547754e-15
1118,-5.145406670181707e-15
1119,1.9225072922512965e-15
1120,7.734020672153785e-16
1121,-2.3548871186385156e-15
1122,1.1340754724198376e-15
1123,-1.951563910473908e-16
1124,-8.005748841632965e-16
1125,-3.668940151690947e-15
1126,-3.069728716012521e-15
1127,-2.0806923892169316e-15
1128,-3.4479797489384012e-15
1129,2.396710217442144e-15
1130,1.2706849461530112e-16
1131,6.857619398552284e-15
1132,6.524728674017766e-16
1133,2.9546406554031845e-15
1134,1.0707580655466842e-15
1135,1.5797909855286285e-15
1136,-4.731458280726741e-16
1137,3.0480175675084986e-15
1138,9.788177213199134e-16
1139,1.8283985436795547e-15
1140,3.453834440669823e-15
1141,4.773742165453676e-15
1142,1.8019440106709084e-15
1143,-2.6229018956769323e-15
1144,1.1668725881375241e-15
1145,6.40546643504436e-16
1146,1.61670806950176e-15
1147,1.0148132334464322e-15
1148,4.264383984819986e-15
1149,3.019719890806627e-15
1150,6.172362967959977e-16
1151,2.515457460383619e-15
1152,-6.626643678231403e-16
1153,1.0986220613795616e-15
1154,-3.816608487583473e-15
1155,1.4078907310810518e-15
1156,1.7149367863289466e-16
1157,-3.264749581788351e-15
1158,-1.8836928544763154e-15
1159,-1.0701075442431929e-15
1160,3.744183782461441e-15
1161,-4.344181264714919e-15
1162,6.366435156834882e-16
1163,-4.919675777870225e-15
1164,3.937822290467352e-16
1165,2.216109240560371e-16
1166,2.768618667658984e-15
1167,2.1046803622831733e-15
1168,6.409803243734302e-16
1169,4.0505793164058446e-16
1170,-3.71881345162528e-15
1171,-1.949395506128937e-16
1172,-3.878841692284141e-15
1173,-2.507000683438232e-15
1174,-1.9532986339498848e-15
1175,-2.1488887058662698e-16
1176,-2.850367511464391e-15
1177,1.337038119109124e-15
1178,4.738830855499643e-15
1179,8.635670303847043e-17
1180,-1.5121909800741573e-15
1181,1.1890716276191649e-15
1182,-6.466181756703548e-16
1183,4.362287440995427e-16
1184,-2.5343225781848666e-16
1185,1.8205380779290348e-15
1186,6.40546643504436e-16
1187,-3.6174405484978855e-16
1188,3.339410453891134e-15
1189,-2.7755846666172035e-15
1190,7.542794513981654e-16
1191,1.0321604682062002e-16
1192,1.331508688029448e-15
1193,5.139863686574875e-15
1194,-2.4314317920159922e-15
1195,4.746745531358787e-15
1196,-1.0375814790686277e-15
1197,3.964981554888114e-15
1198,1.2899701922960971e-15
1199,5.134847557461235e-15
1200,1.5478883366032425e-15
1201,-4.978331115401691e-15
1202,1.7017637299332478e-15
1203,-1.2949710748166865e-15
1204,-4.150759597143505e-15
1205,7.615436059538183e-16
1206,-1.1015494072452725e-16
1207,2.0972806824559598e-15
1208,4.228388472693467e-17
1209,2.185751579730777e-15
1210,-5.4969050145015075e-17
1211,-4.615231807836295e-15
1212,-3.846586677652697e-15
1213,-3.9707820365109114e-15
1214,2.6042536183101817e-15
1215,-4.524158825347513e-15
1216,2.987248035740686e-16
1217,-2.0564062605532563e-15
1218,-4.256144048309096e-15
1219,4.3091615345436374e-16
1220,5.814359410605263e-15
1221,1.947227101783966e-15
1222,-2.3973878437999474e-15
1223,1.4891516839088403e-15
1224,-2.503856497138024e-15
1225,1.615135976351656e-15
1226,-2.6516874633564225e-15
1227,-4.314040444319822e-16
1228,2.3386782961598573e-15
1229,2.0507684092563316e-15
1230,1.4953587413463199e-15
1231,1.1391712226305195e-15
1232,8.670906874452822e-16
1233,-1.5523606705647452e-15
1234,-1.2022717890691759e-15
1235,-1.1849245543094078e-15
1236,-3.662678884144843e-15
1237,-9.52932394451822e-16
1238,7.433290094560618e-16
1239,2.3119527126080897e-15
1240,9.82287168271867e-16
1241,5.46307790671996e-15
1242,5.334274688628682e-16
1243,-2.5721612340046107e-15
1244,9.95297594341693e-16
1245,1.5428196914468728e-15
1246,8.007917245977936e-16
1247,1.7145573155685767e-15
1248,-3.0182020077651472e-15
1249,1.124317652867468e-16
1250,1.97758476261356e-16
1251,7.36464654451513e-16
1252,-3.178880769727499e-16
1253,-9.640725717741105e-16
1254,1.5360976379774627e-15
1255,2.0675193328212327e-15
1256,-1.2037896721106556e-15
1257,4.828169114512448e-15
1258,-1.2449893546651047e-15
1259,2.4340338772299575e-15
1260,9.462916561453483e-16
1261,1.298006840899646e-15
1262,1.1796119636642288e-16
1263,-1.4975000406369787e-15
1264,2.1421666523968597e-15
1265,6.891189008317866e-16
1266,1.5291587440735555e-15
1267,2.2424011432431445e-15
1268,-3.0899761915836876e-16
1269,-1.0992183725744287e-15
1270,1.8897643866422342e-15
1271,-1.0337867714649285e-15
1272,-8.478460988836645e-17
1273,2.1161458002572076e-15
1274,8.66277535815918e-17
1275,5.421010862427522e-16
1276,2.1998462079730885e-15
1277,5.113097445441639e-16
1278,-2.8302013510561608e-15
1279,-5.803517388880408e-15
1280,-2.276390881350565e-15
1281,5.814793091474257e-15
1282,-3.213575239247035e-15
1283,2.8167572441173405e-15
1284,2.572974385633975e-15
1285,-3.9473632695852245e-15
1286,-2.5994831287512454e-15
1287,-4.949166076961831e-15
1288,1.4693107841523556e-15
1289,-7.639722188201858e-15
1290,1.857997262988409e-15
1291,1.4732139119733034e-15
1292,-7.690029169005186e-15
1293,-1.7014384692815021e-15
1294,7.966717563423487e-15
1295,-7.966717563423487e-16
1296,-3.60215329786584e-15
1297,1.396886079030324e-15
1298,-4.876307690970805e-15
1299,5.156465532341059e-16
1300,1.0037001611784557e-15
1301,-6.867770241392179e-15
1302,-1.5981140022436335e-16
1303,-4.7661527502462775e-15
1304,1.790234627208065e-15
1305,-6.691695808580533e-16
1306,-1.8629845929818423e-15
1307,2.6107588313450947e-16
1308,-4.658166213866721e-15
1309,-3.0637384990095384e-15
1310,8.304988641238964e-16
1311,2.735333660963679e-15
1312,4.024124783397198e-15
1313,-4.616966531312272e-15
1314,2.517083763642347e-15
1315,3.438059299060159e-15
1316,-6.233728810922656e-15
1317,1.13651492730793e-15
1318,-1.6991616447192825e-15
1319,8.265957363029486e-16
1320,-5.381979584218044e-15
1321,-5.108760636751697e-16
1322,1.7780915628762273e-15
1323,-2.862727416230726e-15
1324,2.9869769851975647e-16
1325,1.6922227508153753e-15
1326,2.329733628236852e-15
1327,-2.1597307275911248e-16
1328,2.398255205537936e-15
1329,1.439657854734877e-15
1330,4.593547764386585e-15
1331,-3.9849850849704715e-15
1332,5.369836519886206e-15
1333,4.158999533654395e-16
1334,6.649628764288096e-15
1335,9.50953725487036e-16
1336,1.9255430583342559e-16
1337,1.551710149261254e-15
1338,1.0268478775610212e-15
1339,-1.2260158166466084e-15
1340,-2.4101814294352764e-16
1341,5.046744272485526e-15
1342,2.5236431867858844e-15
1343,-3.995501846043581e-15
1344,1.3450612151855168e-15
1345,-1.1267028976469362e-15
1346,5.114615328483119e-15
1347,-5.302615985192105e-15
1348,-2.0794726617728854e-15
1349,-3.1356211030453274e-15
1350,-5.048045315092509e-15
1351,-1.3427843906232972e-15
1352,3.729655473350135e-15
1353,7.201948456006524e-16
1354,3.307683987818777e-15
1355,5.110929041096668e-15
1356,1.2475372297704457e-15
1357,-5.607493636095029e-16
1358,-3.1548114814983208e-15
1359,5.720250662033521e-16
1360,1.9644659163264855e-15
1361,3.0010716134398763e-15
1362,-1.3309665869432052e-15
1363,2.4574526441556444e-15
1364,-2.1241688963336003e-15
1365,-3.5171518475429764e-16
1366,1.263366581488734e-15
1367,9.889008015240286e-16
1368,-1.601149768326593e-15
1369,1.7151536267634437e-15
1370,-1.4877422210846092e-15
1371,1.5375071008016938e-15
1372,1.4202099782659183e-15
1373,8.663859560331666e-16
1374,2.0821018520411627e-15
1375,5.197231534026514e-15
1376,1.1969591984239969e-15
1377,-2.656945843892977e-15
1378,-5.26488574958961e-16
1379,-7.385585198971256e-16
1380,-7.078539143723361e-15
1381,5.655740632770634e-16
1382,4.937456693498987e-16
1383,-5.009447717752025e-15
1384,-2.7533856271355628e-15
1385,3.5540147214074835e-15
1386,4.7102079181460255e-15
1387,6.268856961311187e-16
1388,-1.718541758552461e-15
1389,-2.110291108525786e-15
1390,3.6499666136724507e-16
1391,9.045498725046563e-16
1392,2.325613659981407e-16
1393,-2.7787830630260357e-15
1394,-1.0831925092123773e-15
1395,-2.3995562481449184e-15
1396,2.8852788214184244e-15
1397,-5.7055055124877185e-15
1398,-4.700233258159159e-15
1399,-3.455786004580297e-15
1400,-5.627442956068762e-15
1401,-3.45481022262506e-15
1402,8.846222365743728e-15
1403,1.7905327828054984e-15
1404,3.930883396563445e-15
1405,4.651227319962814e-17
1406,2.259043646590797e-15
1407,4.262215580475015e-15
1408,6.2759042754323424e-15
1409,1.790017786773568e-15
1410,-2.84147705365001e-15
1411,1.142423829147976e-15
1412,-3.220080452281948e-15
1413,-2.2854981795994433e-16
1414,-3.081736255072798e-15
1415,3.920475055707584e-15
1416,2.892651396191326e-16
1417,-2.154255506620073e-15
1418,-1.3994339541356648e-15
1419,2.0331501239534422e-16
1420,2.3513092514693135e-15
1421,2.2659825404947043e-15
1422,9.955144347761902e-16
1423,-6.92540913938694e-16
1424,2.7373936450914016e-15
1425,6.108395039783332e-16
1426,-2.5283594662361963e-16
1427,5.503410227536421e-16
1428,-1.6586124834683247e-15
1429,3.3501847129802087e-16
1430,2.317698984122263e-15
